Feature1,Feature2,Feature3,Target
0.4967141530112327,5.798710873172004,0.8497454238793933,0
-0.13826430117118466,4.849267365825538,-1.5379310910183088,0
0.6476885381006925,3.1192607398403482,0.44174373778635534,0
1.5230298564080254,1.7061264445888522,-1.2230133084607961,0
-0.23415337472333597,4.39644662722718,3.657646470064555,0
-0.23413695694918055,3.7869707708434994,4.633816181751295,0
1.5792128155073915,4.790386440055465,-1.4937846731944298,0
0.7674347291529088,4.270343603363939,4.68580645104191,0
-0.4694743859349521,5.09910543063867,1.6580361953572162,0
0.5425600435859647,1.929529576878864,0.0969597456771174,0
-0.46341769281246226,5.634788131268651,-1.4619654730668554,0
-0.46572975357025687,3.395199209384799,1.504369876492925,0
0.24196227156603412,7.150521745250531,3.5616088114352404,0
-1.913280244657798,1.6216243638208643,2.9496053408668867,0
-1.7249178325130328,6.471927606330499,-1.6484179197521835,0
-0.5622875292409727,3.395821566925296,-1.4896871524246755,0
-1.0128311203344238,1.6971639927711033,0.82011297842846,0
0.3142473325952739,2.032228331891357,0.0670334583356027,0
-0.9080240755212109,2.3593053836113596,-0.37330973860766514,0
-1.4123037013352915,3.8483318928038326,-0.03296850763900494,0
1.465648768921554,4.0456709760709995,3.6243792030781927,0
-0.22577630048653566,1.852599992122842,4.504596375422977,0
0.06752820468792384,2.951290815478034,0.8357188616929649,0
-1.4247481862134568,7.284540717223727,4.34277701492748,0
-0.5443827245251827,6.455086340201422,0.2504699087351736,0
0.11092258970986608,3.872647339348064,1.3350589044065413,1
-1.1509935774223028,3.0760069563364008,-0.41779701528800195,0
0.37569801834567196,3.2400626534365227,2.483332295230908,0
-0.600638689918805,4.227035945460833,4.852867806223662,0
-0.2916937497932768,0.9544148696031889,2.2244516723036503,0
-0.6017066122293969,2.4852469251533096,0.5046985887948421,0
1.8522781845089378,-0.3371681477551789,2.534722121933699,0
-0.013497224737933921,3.7984462452105587,-1.139555250742287,0
-1.0577109289559004,4.294391879405482,4.220613561857791,0
0.822544912103189,2.033627075401252,1.5215876554588545,0
-1.2208436499710222,6.147973526580065,1.1454481942774946,0
0.2088635950047554,0.5484686739953175,2.1010535191746342,0
-1.9596701238797756,0.07125023958035959,2.373487039525817,0
-1.3281860488984305,3.448903637119944,-1.4975693564144088,0
0.19686123586912352,5.094196605224309,2.7783205485638165,0
0.7384665799954104,6.367855382915737,-0.3064782377912929,0
0.1713682811899705,2.08223147426212,2.9976684275461283,0
-0.11564828238824053,5.157361666862592,3.757743560689377,1
-0.3011036955892888,2.9229830609985856,3.6277095528676417,0
-1.4785219903674274,2.654745400118361,1.8675067718552238,0
-0.7198442083947086,4.767319874973345,1.6411892461752582,0
-0.4606387709597875,4.304645756826839,-0.999868270624118,0
1.0571222262189157,-0.15278431396849879,3.4274230528219487,0
0.3436182895684614,5.9530806994517915,-0.10013433687299944,0
-1.763040155362734,5.760182708294903,1.4768679597256256,0
0.324083969394795,1.7488745969809412,-0.010081349507383042,0
-0.38508228041631654,3.791607066874818,-1.0632014590021481,0
-0.6769220003059587,3.9880603725654775,2.406903878242156,0
0.6116762888408679,3.521347531647814,-1.619675756239673,0
1.030999522495951,1.8993896923091598,3.2405166388834,0
0.9312801191161986,1.656753264123897,0.2231075668278164,0
-0.8392175232226385,2.9488918580171095,-1.9990571489686029,0
-0.3092123758512146,5.345458038518729,1.5779039746606087,0
0.33126343140356396,4.087200309188865,-1.6720366403067781,0
0.9755451271223592,2.258771335827788,-0.06681309525370382,0
-0.47917423784528995,4.54339742129669,2.9488354121900135,1
-0.18565897666381712,-2.697085241260151,-1.5611726486469388,1
-1.1063349740060282,5.297531400744207,3.875369446492016,0
-1.1962066240806708,-0.47942755755619926,-1.9732605413899182,0
0.812525822394198,2.2751181171937356,-0.2722329155866843,0
1.356240028570823,0.7606602107477123,3.1863283930644997,0
-0.07201012158033385,0.4106370485581885,0.2138910481051477,0
1.0035328978920242,5.321653574757039,-1.2867532835379052,0
0.36163602504763415,2.0645975973762174,0.5216374316029952,0
-0.6451197546051243,3.6930077634614316,-0.10724699530832127,0
0.36139560550841393,2.906158842241632,3.8989833151238846,0
1.5380365664659692,3.954081654446243,0.1934354230960018,0
-0.03582603910995154,3.1536437821205108,3.5225273024320503,0
1.5646436558140062,0.43401555162286076,4.243105013675143,0
-2.6197451040897444,4.99253363889428,1.0367219370357068,0
0.8219025043752238,2.012486833677375,4.369602006980744,0
0.08704706823817122,-0.1131637973195021,0.6412263777423499,0
-0.29900735046586746,2.1437696780681748,4.748548915430757,0
0.0917607765355023,6.001519581268622,-1.3749733283209895,0
-1.9875689146008928,4.7004434842269855,2.809134865522699,0
-0.21967188783751193,2.3026957311842815,1.4566982831985005,0
0.3571125715117464,2.3014845913631423,0.7135416381895294,0
1.477894044741516,2.3567298975652347,2.4289831512402067,0
-0.5182702182736474,7.153495967121682,2.926999641440318,0
-0.8084936028931876,3.763870904463107,-1.9694571124478364,0
-0.5017570435845365,3.8600832943821395,-0.8313283787696091,0
0.9154021177020741,5.060566908063684,2.991322354440231,0
0.32875110965968446,3.477578318053027,2.6646978950474454,0
-0.5297602037670388,2.481915708358594,4.7623325359007405,1
0.5132674331133561,2.6073003018300436,3.327264531755481,0
0.09707754934804039,2.856797481171872,4.655408954119366,0
0.9686449905328892,2.925555526980317,2.9177835107436483,0
-0.7020530938773524,4.4552590872739595,0.08636546047610194,0
-0.3276621465977682,3.103891771614599,-1.2624455442440046,1
-0.39210815313215763,4.465280154431158,3.4727670434145494,0
-1.4635149481321186,2.8385668397828354,2.509044550331412,0
0.29612027706457605,3.1572703806321814,-1.6626979132469264,0
0.26105527217988933,-0.9964013690642153,0.5203532613068482,0
0.00511345664246089,4.832655349404963,4.697598708390003,0
-0.23458713337514692,3.6929769517959854,1.5028080199714084,0
-1.4153707420504142,4.996020219719305,1.0291039521379326,0
-0.42064532276535904,-2.7925107563873786,1.2038972361150577,1
-0.3427145165267695,7.176749409561455,-0.537820931963854,0
-0.8022772692216189,2.7208207436896523,0.5809501960535663,0
-0.16128571166600914,5.216365633475033,0.5886927919102365,0
0.4040508568145384,0.9201881457489383,-1.6335148586876933,0
1.8861859012105302,4.225547810125139,3.372973399625428,0
0.17457781283183896,0.8931688736526877,0.9155310233271527,0
0.25755039072276437,1.7524620786083898,3.755259207714963,0
-0.07444591576616721,6.828062707733572,3.9524360078392675,0
-1.9187712152990415,2.618635198473307,-0.5160416171093936,0
-0.026513875449216878,3.4348657463594456,2.6014743751909,1
0.06023020994102644,4.740135461377508,1.305972629140872,0
2.463242112485286,3.991363775945209,4.161097165450395,0
-0.19236096478112252,3.300837810287153,-0.48981524576482105,0
0.30154734233361247,3.729922004932451,2.744692402170309,0
-0.03471176970524331,7.80683117047655,2.2542648557690583,0
-1.168678037619532,2.8847624059328294,0.06711034300282925,0
1.1428228145150205,3.402198093429935,-1.0437936744417917,0
0.7519330326867741,5.1013087920152245,2.5614783233409355,0
0.7910319470430469,5.211051865915968,3.170182206926315,0
-0.9093874547947389,5.37406061112076,0.2093914063434501,0
1.4027943109360992,4.277460444058369,2.5138282281561963,0
-1.4018510627922809,0.7139901745390329,0.7659163532805229,0
0.5868570938002703,6.266863064602192,2.9924481829783236,0
2.1904556258099785,0.707309213962624,-0.6054930757416281,0
-0.9905363251306883,3.6052709304780666,4.231505018453221,0
-0.5662977296027719,1.4914482999612841,0.011867175259058005,0
0.09965136508764122,2.871723306814015,0.5745019142930703,0
-0.5034756541161992,3.6575248206069606,-1.5933563354375515,0
-1.5506634310661327,3.642714430900546,-1.2194145137510652,0
0.06856297480602733,3.8438415084705695,1.6110333189862969,0
-1.0623037137261049,6.227422538117294,-0.12685126290419957,0
0.4735924306351816,3.9070686030279598,3.848361580195361,0
-0.9194242342338032,2.5116867294187024,-1.897146279415323,0
1.5499344050175394,4.928174336576714,0.6536583407035534,0
-0.7832532923362371,5.378940977849281,0.3614188273836487,0
-0.3220615162056756,0.5447843697260151,-1.8647065835767926,0
0.8135172173696698,4.194800139699716,-1.1294212069964285,1
-1.2308643164339552,4.402345484621796,0.8954987244304471,0
0.22745993460412942,2.404872993280016,1.4500520911321262,0
1.307142754282428,5.751413626623239,0.8300282307840838,0
-1.6074832345612275,2.6998888259349467,1.7165637488846568,0
0.1846338585323042,3.2511529069430845,2.1659217243397704,0
0.25988279424842353,2.653856351432261,-1.9305332521051506,0
0.7818228717773104,3.031158095162935,1.248666116174527,0
-1.236950710878082,0.8074498262095964,4.744494686213118,0
-1.3204566130842763,0.11989823481141126,1.6332259609068411,0
0.5219415656168976,6.189010126449944,2.742795872212672,1
0.29698467323318606,1.3060773033633444,0.18304700541818253,0
0.25049285034587654,1.0172153010873857,3.4179396470693373,1
0.3464482094969757,-1.3067802272074296,3.4104503731328055,0
-0.6800247215784908,1.7220765046209956,1.6490723335789728,0
0.23225369716100355,0.35382041318500335,4.832096762954495,0
0.29307247329868125,6.284030320272738,-1.1211484966614265,0
-0.7143514180263678,5.019634178685268,-1.881366345772933,0
1.8657745111447566,1.6236993096445524,3.391107482299672,1
0.4738329209117875,7.5048716106886175,3.650088761554178,0
-1.1913034972026486,4.963530973983189,-1.1585493961559663,0
0.6565536086338297,2.350337232982755,-0.14092016928975748,0
-0.9746816702273214,-1.9988114297471462,-1.8771334564335977,0
0.787084603742452,7.5818851451814835,0.05316027546395308,1
1.158595579007404,0.22085506647280795,3.4119931174307006,0
-0.8206823183517105,-0.2907974939137836,1.6257236939880526,0
0.9633761292443218,5.045140864019281,0.4366691521780166,0
0.4127809269364983,7.879504812678546,0.602175064344312,0
0.82206015999449,5.768545637021036,-1.990524619991723,1
1.8967929826539474,4.12781824010472,0.09860369295665139,0
-0.2453881160028705,4.189508683330572,2.5252111914655133,0
-0.7537361643574896,4.706831117560616,4.8193611067145,0
-0.8895144296255233,4.5178571795735305,3.929425788887297,0
-0.8158102849654383,3.5623828479387516,-1.8348352474812961,0
-0.0771017094141042,3.208402207903752,4.289924232723875,0
0.3411519748166439,2.874813744200955,3.4823888930903815,0
0.27669079933001905,1.4920708222666474,3.4626328649968627,1
0.8271832490360238,2.438649846266452,1.2059703130250004,0
0.01300189187790702,-0.3859136283907709,0.7860370506815197,0
1.4535340771573169,2.8033207464105003,0.12041010183234846,1
-0.2646568332379561,1.022817785698165,-1.5401359873194396,0
2.720169166589619,0.7928213655684582,-0.40235245554410626,0
0.6256673477650062,3.359788302306957,-0.27377455515382776,0
-0.8571575564162826,5.784004572689199,1.388539487971411,0
-1.0708924980611123,4.836633212004626,3.232110846176858,0
0.4824724152431853,-0.141001207246354,1.316668798785626,1
-0.2234627853258509,1.020743726859325,-1.5950888538698758,0
0.714000494092092,4.881542375976432,4.704528606917427,0
0.47323762457354485,1.0350252129233808,4.599070233658786,0
-0.07282891265687277,2.5507337000059507,3.4963268020388583,0
-0.846793718068405,4.100104198049104,4.939295310949544,0
-1.5148472246858646,1.0633110902727294,1.8113763296018406,0
-0.4465149520670211,3.2107510122919196,4.739378451772442,0
0.8563987943234723,0.33194901016359113,-1.4707647156827446,0
0.21409374413020396,1.7972647120975727,0.5597652378295992,1
-1.245738778711988,3.639563868285074,-0.42233112395263905,0
0.173180925851182,-0.18598746706333857,-0.6291684110601099,0
0.3853173797288368,3.880949475920798,-1.0143793577512674,0
-0.883857436201133,2.9607244021466377,2.3568954909619766,0
0.1537251059455279,4.104979908834295,3.4692529902311353,0
0.058208718445999896,3.4478282681293226,2.0480887959425242,0
-1.142970297830623,5.728280859947688,-0.9712610328825324,0
0.3577873603482833,3.2504490052958146,3.6778663895342962,0
0.5607845263682344,2.141188917749494,2.4516829501460995,0
1.083051243175277,3.2445950060645674,0.7171599428889688,0
1.053802052034903,4.086596058072776,2.7189120687524406,1
-1.377669367957091,3.0977201406514085,-0.18066514530016997,0
-0.9378250399151228,3.081183382407765,0.41634545945947377,0
0.5150352672086598,1.5960166243864893,4.422400901923932,0
0.5137859509122088,1.6741981648981037,0.03353153969994249,0
0.5150476863060479,0.19478945640061296,1.2899178771055562,0
3.852731490654721,6.499153486373879,4.230987961772103,0
0.570890510693167,0.5122735292174299,2.9540494518726925,0
1.135565640180599,1.6141896044081854,-1.5645774168470807,0
0.9540017634932023,1.5631854688616051,-0.9688786900472075,0
0.651391251305798,4.789848753888883,-1.9451088645965822,0
-0.3152692446403456,2.4101006434159444,2.4164525316041434,0
0.7589692204932674,5.495484145347468,1.1337139778729282,0
-0.7728252145375718,1.653018751512263,-1.0600760436840713,0
-0.23681860674000887,3.557988324447604,4.705538847397393,0
-0.48536354782910346,1.3293058934804853,1.707618067619339,0
0.08187413938632256,7.290298255546777,-0.30674694120977586,0
2.3146585666735087,0.6248031619409744,1.504224998082953,0
-1.867265192591748,3.6196414204540552,2.7573423291457546,0
0.6862601903745135,4.267553761864197,-1.4663254741850487,0
-1.6127158711896517,3.8275981949029965,-0.0770732946647561,1
-0.47193186578943347,2.6294246822445833,3.648758436187955,0
1.088950596967366,2.7403586005331477,1.2176540928186288,0
0.06428001909546277,3.0876229439582192,1.8260399942260643,0
-1.0777447779293061,2.705995996743023,1.0297120154662847,1
-0.7153037092599682,4.927758233589819,-1.6927004014989642,0
0.6795977489346758,7.421046003182703,-0.8397515412589085,0
-0.7303666317171367,1.8850164299843328,1.1187914711932363,0
0.21645858958197486,0.26039404084184437,-0.5357017421445054,0
0.045571839903813784,2.8234359032974905,-1.6501467993822487,0
-0.6516003476058171,8.159418675308636,3.9055476483627665,0
2.1439440893253257,1.3926508640605384,4.86834770414881,0
0.6339190223180112,6.278233610888135,3.552000117977176,0
-2.025142586657607,6.355401628152881,3.976494451932669,0
0.18645431476942764,1.8928235165840108,-0.3061600877806825,0
-0.661786464768388,4.137966158370551,4.7243888285923985,0
0.852433334796224,6.256793246257076,-0.6215200688260012,0
-0.7925207384327007,2.2417445180250257,4.660008672532826,0
-0.11473644146689901,2.5928392797952764,4.9637350577616575,1
0.5049872789804571,1.8366381721027125,2.9820596402223414,0
0.8657551941701215,0.9704865386142663,4.868006122542753,0
-1.2002964070557762,1.7014449098679858,1.9867784569697258,0
-0.3345012358409484,0.5521194664754869,-0.18320751776736754,0
-0.4749453111609562,3.0681669365184523,1.058971199659346,0
-0.6533292325737119,1.4600535378827164,2.1549265476515016,0
1.7654542402810969,3.4675718235814954,-1.488429065810895,0
0.40498171096095553,-0.1117912924072546,2.3564028523207226,0
-1.2608839543350452,3.661760464428914,4.8682448573360615,0
0.9178619470547761,4.6670579232178495,-0.6692464515139065,0
2.1221561970126332,-0.9874712851429108,3.5481658140186827,0
1.0324652605511468,3.7481131396951444,4.355291556457336,1
-1.5193699659540134,5.455337984946585,4.605911149741546,0
-0.48423407286625136,0.5807179626175891,4.72094923083813,1
1.2669111491866227,6.345144773675407,1.6502174710503037,0
-0.7076694656187807,3.8380380187320906,4.841155355940526,1
0.44381942814622843,1.5899762884831823,3.301171449941072,0
0.7746340534293368,2.888461844684588,-0.8682999463412666,0
-0.926930471578083,4.116653825043445,1.3383007452757898,0
-0.05952535606180008,3.152010782824823,3.0283182276040277,0
-3.2412673400690726,4.077511984892738,-0.26861778926641655,0
-1.0243876413342898,1.1586528138412675,2.4843062848422113,0
-0.2525681513931603,3.338721648072156,2.6662033533263347,0
-1.2477831819648495,0.17257100619003962,-0.8611017933400387,0
1.6324113039316352,2.777547877302599,1.9555971871692939,0
-1.4301413779606327,1.1921847170704205,3.401388376850254,0
-0.44004448669698376,1.5289401148204669,1.4922696517515934,0
0.13074057728609134,5.472186350420875,-1.915278182567248,0
1.4412732890661155,5.182620241188538,-1.9367307164449548,0
-1.4358621511794394,4.218276241814354,0.49920540779008515,0
1.1631637521549596,0.815374470654842,4.483358479022474,0
0.010233061019587049,2.3671831006103963,-0.3992625427747387,0
-0.9815086510479509,5.426195399958367,2.44054582210181,0
0.46210347426327075,3.2834338272798096,-0.44546890514675597,0
0.19905969557347003,7.638659079963388,0.2516899276168405,0
-0.6002168771587947,3.786635678788744,3.936294627210388,0
0.06980208499001891,3.384098232980063,3.102030095889628,0
-0.3853135968617602,2.3817670715949975,-1.3322050588075256,0
0.11351734525124804,3.267081809564565,1.0009141469050356,0
0.6621306745210467,2.695060327238912,-1.7958116544831486,0
1.586016816145352,4.416217353377181,1.366231026221063,0
-1.237815498826849,4.913404633589169,2.637038081907477,0
2.1330333746562666,1.428021078984101,-1.1704816348129392,0
-1.9520877995225019,0.3375340928844439,0.02219457236415945,0
-0.15178509503558332,-0.6724107462065931,0.7848563785150984,0
0.5883172064845765,4.015982653825088,4.436717172592348,0
0.28099186773503265,0.7932667876522528,4.952785107960748,1
-0.6226995198205938,-1.3057811859049657,-1.685620907030689,0
-0.20812225035727522,3.777157209061928,3.327055464467744,1
-0.4930009346588328,7.985999034865581,0.6020684648164027,0
-0.5893647569442115,2.9878581769202133,0.74720730360636,0
0.8496020970210246,4.676981548903283,3.279854813429159,0
0.35701548596504734,3.16365871709513,4.428985025017861,0
-0.6929095952606542,2.8022206936177145,4.6565001615178385,0
0.8995998754332507,4.838152965975537,2.039858102268245,0
0.30729952087660933,2.419450911622697,0.4998481151035197,0
0.8128621188389601,3.534784628143806,3.512843601011455,1
0.6296288419236122,3.6433956123920272,-0.24299031716389807,0
-0.8289950109220723,1.6638190927139025,1.9485182018346245,0
-0.5601810401969696,4.984084699073046,0.5100492306741122,0
0.7472936051232618,2.6500804866091827,2.5964175159551326,0
0.6103702654334648,1.4885096810143106,-0.3172076097454517,0
-0.020901593964148132,4.073019687140807,-0.6588493798562196,0
0.117327383308782,1.2030640364179255,4.427673606728059,1
1.277664895788425,3.0563623147382564,-1.2873742193532416,0
-0.5915713888358299,2.981762006711593,1.5417053541445216,0
0.5470973811700379,5.171791131663156,-0.45403051925893756,0
-0.20219265243389406,3.9493964657599054,-1.7274902567203279,0
-0.2176812032272203,2.949946082509712,-1.7478682719600154,0
1.09877685198719,4.635532598400574,-0.7734475952592086,0
0.8254163489880298,5.780415098034627,4.067392481542002,0
0.8135096360006385,4.115620612703724,-0.02264879216081339,0
1.305478807154329,3.020705239686761,4.65321419402707,0
0.02100384163275905,0.3763275352996809,2.071356050924355,0
0.6819529712949639,0.8697726738492548,1.0562993283813626,0
-0.31026675659345604,2.3895505912906647,2.0606218426861824,0
0.3241663524884421,1.7809755956814337,1.6168886965838745,0
-0.13014305436768459,2.626057394029108,3.3114337763012758,0
0.09699596499271819,3.113299849794214,-0.022527538190034058,0
0.5951570254369136,4.059385508713461,0.47135274120211657,0
-0.8182206832334725,2.859002443881818,4.258660117732755,0
2.0923872756854602,3.973003287652404,4.6251955920528385,0
-1.006017381499702,3.1289488296202403,4.247907592405322,0
-1.2141886127877322,-0.9509331327077426,0.936135957701195,0
1.1581108735000678,1.1213292123624914,3.4625585210481713,0
0.7916626939629359,2.711824888556769,1.3343501331076917,0
0.6241198170521551,0.5806105143177849,1.4827789650227152,0
0.6283455092642799,4.199857459992409,-0.5672392365990122,0
-0.012246772846914623,6.061501664687395,2.137912122809615,0
-0.8972543714858315,5.437523703394634,-0.6970487157265643,0
0.07580455819372633,2.573114258139584,0.3209528934703565,0
-0.6771617115121117,5.9814522736999045,3.985211411339546,0
0.9751197334177512,3.297334914404223,-0.5504693355240136,1
-0.14705738150213865,2.325828057763921,-1.5018920037859704,0
-0.8254971967925115,1.7731946729181205,-1.5169468517102858,0
-0.32138584165299344,2.395060627023743,4.585491643521755,1
0.41293145427562433,2.2236463629175427,1.548443065732842,1
-0.5637245528039747,3.3408324447509754,0.8658845027191284,0
-0.8222203955664315,3.321147962099729,3.6761500670554295,0
0.2436872114919123,3.0060920403068287,3.850781495373612,0
0.24496657110872277,3.8738763394927,0.32533723180923246,0
-0.5069431753711298,5.381292549572683,2.8553264023165665,0
-0.4710383056183228,4.899108270882648,3.397859710963206,0
0.2320499373576363,0.030204063100192968,2.5825548080616816,0
-1.4480843414973241,-2.1078422698039097,-0.9388344763993044,0
-1.4074637743765552,4.868639822478547,4.131181584619399,0
-0.718444221252436,0.2662426031691578,1.7736618691520611,0
-0.21344715171184725,2.550469196214633,-0.022693015409974038,0
0.3109075655980046,0.659773947881281,0.9765972980638575,0
1.475356216949552,-0.6039608751600394,-1.7370023672076482,0
0.8576596232020194,4.082925456409576,-1.104932391443077,0
-0.1599385299634271,4.518310320605294,3.358827253611026,0
-0.01901620790268883,1.8469791985465611,-1.9999185567124371,1
-1.0025293646378088,-2.1820845842898198,0.9159607993760455,0
-0.01851313599238993,1.9075111034950345,1.6575712675991192,0
-0.2886586389201383,3.783608010805093,-1.617559059993194,0
0.3227185603380895,0.04217686245174246,4.81154714080633,0
-0.827230943552323,3.366719839558311,-0.41712268125229635,0
0.5193465142411723,2.969380301654009,0.12939103745396618,0
1.5327389130025777,4.158582999202177,0.1275975857851912,0
-0.1087601484568576,3.2391607368283064,-0.3870833651785506,0
0.40171172209894146,1.053862118236889,-1.98968324539582,0
0.6901439917111125,5.393143003328983,3.1054135586159743,0
-0.40122047188583626,2.68294085394606,4.767918498594997,1
0.22409248181041677,2.9453909209801363,-0.4299456170046847,1
0.01259240078179486,1.133464081853608,2.6413303426239567,0
0.09767609854883172,2.1134354976169796,3.193274288711006,0
-0.7730097838554665,1.2303945719461982,3.938977653633673,0
0.024510174258942714,2.654107880153154,0.9584043790952639,0
0.49799829124544975,6.423416960284687,0.12051633948300466,0
1.4511436077950417,0.2561977141372873,0.27706593816121794,1
0.9592708260852069,-0.22712279575348227,2.98834933168959,0
2.1531824575115563,5.942340654987217,3.717456265539452,0
-0.7673475628880495,2.581352645696268,-0.7287022257037814,0
0.8723206367206782,1.6618545226801669,0.5965870571043563,1
0.18334200573835174,5.079809374792153,4.31358137724405,0
2.1898029332176723,1.7887689205262718,3.646854637863175,0
-0.8082982853551515,6.652019427093872,4.894008819337331,0
-0.8397218421807761,4.355851742678539,3.2797378177745653,0
-0.5993926454440222,2.024177183708595,0.7523664071954559,0
-2.123895724309807,7.314616426531007,2.1344648379624642,1
-0.525755021680761,1.7885701539933232,2.6270997797312425,0
-0.759132661553698,4.484190744018614,-1.4508092857801325,0
0.15039378647620763,3.5985851608129837,1.8114787137270554,0
0.34175597577715944,5.603482578797596,2.965245799308267,0
1.8761708392158862,6.123022393453706,-0.8287508719925774,0
0.9504238381860503,3.064008298131533,3.4644220219789004,0
-0.5769036556624031,1.493164259307633,2.0864094635987813,0
-0.898414671348358,3.9199442858782327,4.665552499883162,0
0.4919191715065057,1.6445692604957878,-1.7030439125517582,0
-1.3202332070206422,7.026774495053246,-0.14271703711173123,0
1.8314587658543537,3.273070662165475,2.2108771550987685,0
1.179440120721287,2.2693568973757827,0.075919385441515,0
-0.4691756521047048,3.369360611729817,3.0009691484986956,0
-1.7131345290908775,0.30574742094060703,3.3130369776535167,0
1.3538723741654128,1.056771922978697,-1.282388251534679,0
-0.11453984525261789,5.400827815888851,1.5969812494473743,0
1.2378163119734618,1.6862114420572085,1.5622338891373913,0
-1.594427658794367,0.9061780346361208,0.5849653915087876,0
-0.5993750229537729,4.073305505054572,4.530474037987704,0
0.005243699718183166,5.371408309325994,3.792544239112549,0
0.046980593764742055,4.437906621330134,2.880465673367457,0
-0.45006547147924364,4.992095371611633,3.0002864501449826,1
0.6228499323474987,1.4864098228610785,1.2320130066918336,0
-1.0676204293825944,0.1563786665163125,4.446961647676031,0
-0.1423794850212935,6.0026673039109735,2.8621679907729973,0
0.12029563171189886,2.3546403223157286,3.102867431590715,1
0.514438834058749,2.498333967089905,4.031836326511417,0
0.7116148780888898,5.656388283698115,-0.08149887460466299,0
-1.1246420918378692,4.11246001880132,3.649496327066921,0
-1.5341141707356223,3.9117755441632154,-0.6333157793045556,0
1.277676821898509,7.330004689802168,0.417393665714215,0
0.33231401197959165,1.712963539239714,0.34927317988889905,0
-0.7484865365565536,4.855680256162474,4.849678278723984,0
1.551151975522523,3.114026249794169,3.9957605662354876,0
0.11567463429285867,3.5371845577265137,2.908189031131818,0
1.1792971840638264,6.056936852825063,3.0893973313077305,0
0.06751848141010895,4.015671512579248,1.9345095608179976,0
2.060747924881987,4.076592158099266,4.629634669759634,0
1.7553408424432044,5.145014674619604,1.473811270176531,0
-0.2489641484790735,2.2700945409142292,0.6636239690892616,1
0.9715709509543554,1.3215806653219873,-0.8587526414788629,0
0.6453759495851475,0.9103816119579329,3.5034395658274056,0
1.3686315575323487,-0.9327131787520035,3.14110752452914,0
-0.9649234605801045,7.112414259880644,0.6904852696689443,0
0.6860514599984393,0.7935832685566337,-1.8236461022853945,1
1.0584244868495878,2.557492752828456,3.872981294026075,0
-1.7587394864231143,2.446373400222159,-1.9200741158214845,0
-1.183258512665775,3.6148133956182016,2.925898457403356,0
-2.0392321777601006,4.6314744250785935,4.7917997680824,0
-0.26940683444455776,4.720946976719491,1.0636292970374241,0
0.7175422557959623,1.833845122862123,-0.3551861650283308,0
1.502357052096028,2.665756572427177,2.9340970703036717,0
0.07409478041977519,3.5651599009765995,3.719896994109096,0
1.6286155455712918,2.5026177476329057,1.825012212544931,0
-1.3801014582148914,6.214691152039985,4.7692469267930235,1
-1.7033824393551547,3.9819499032765027,-1.6383189483942724,0
-0.05554769889661878,4.4697555720996345,1.5335691881316968,0
0.3840654489393073,4.325762537334826,3.0291776312578502,0
-0.03269474809409311,5.34694771497065,4.038483298044253,0
-2.0674421000398766,3.362043117407414,-0.7452107166454698,0
-0.08912003951278841,0.4063361040883069,3.6000243723457697,0
-1.3044695005048532,3.7993759035052834,1.8689495300298171,0
0.6696725488300385,1.697286212416342,0.7758757739297426,0
0.36659824609684827,1.9427666365004863,-1.077994799946345,0
-0.9398797863273552,4.172728037510186,4.057070312362387,0
-0.5138669173366935,5.476566142867272,-0.8990875427419924,0
-1.0592135218889516,3.0425431534721232,0.16851501446369443,0
-0.06267909727317188,3.6176660251979276,0.03031872373705813,0
0.9551423205012383,6.404429889270476,4.09989823933598,0
-0.9857260463355437,3.4815063589771365,2.7089209594622865,0
0.5040465155178444,8.203366228360789,3.576769780339606,0
-0.5302576183724408,4.1310192912630885,-0.24672470845250727,0
-0.7928728322623442,-0.5215255183116354,2.374118697248992,0
-0.10703035995455783,4.506683242209065,2.002221882006241,0
-1.035242322419374,3.7623167697655555,3.8298126375178976,0
-0.553649305347182,5.579505508165491,4.342609423368824,0
-1.1978778925888485,4.346362702539917,-1.9149025996582925,0
1.9647251329163893,2.7230880320324524,2.7181394334115483,0
0.03526355197172861,0.5514035274212685,-1.637149406161897,0
-0.6997255079925856,2.5819534854279493,1.8420106555414915,0
0.213979910734222,1.2989590915813998,0.013429103305747425,0
-0.11232804969082982,1.8389531003905546,0.1474361966549882,0
-0.22096959953322298,4.177156808841219,0.47070952416649625,0
0.6141667000434252,6.3398090087028125,2.3490471433472706,0
0.7575077100473051,3.789343059645962,0.3383497596813845,0
-0.5305011476105275,0.6082338759296313,3.1288933541319626,0
-0.57581824064468,3.8892053364402814,0.831691699017088,0
-0.275051697151644,5.393262973291302,-1.5215275978302896,0
-2.301921164735585,1.7804341913612356,3.4863188973887507,0
-1.5151910621985523,2.7319656666541645,0.0003082721489420237,0
1.3668742674445247,3.029376389458394,1.0293681571948383,0
1.6449677135012837,1.43020337383552,2.798107182553311,0
-0.24903603955637832,4.2965608676877185,0.32719310004098423,0
0.5765569630557664,2.758103702784437,-1.6039004069729907,0
0.3112501545435361,3.8390648878140556,0.6174473290896954,0
3.0788808084552377,1.2250156443957998,4.6111400788601244,0
1.1195749114345768,2.125083399353179,2.4921407810899074,0
-0.12791759148076653,4.444762715655543,2.7003540406704483,0
-0.9555404406004258,2.254333695816466,2.4259750754634792,0
-1.6064463202575725,6.45392770246681,-0.6070550272839426,0
0.2034636358672231,2.200727628770795,0.928337048715961,0
-0.7563507452843033,3.449369451503772,3.2565785885432277,0
-1.4222537095976742,4.8651816637461796,-1.290389717127886,1
-0.6465728842425266,0.1632685341339366,-0.05503056737201417,0
-1.081548003614395,-0.5216176239615518,-0.0657662407390247,1
1.6871416350725648,-0.051312629140189525,1.024132493161542,1
0.8816397569494505,5.525168206854364,4.862581186595295,0
-0.007972641316617372,1.8962837082151065,-1.5274821732132464,0
1.4799441388900259,8.116398571336504,1.630906960664165,0
0.0773683076476183,1.8715048026852228,-0.7444472259145267,0
-0.8612842013282637,3.369102606394074,4.794735817868209,0
1.5231240772696573,6.084219905135751,-1.2068754669077506,0
0.5389100436846587,7.012185776318246,0.8252070165311389,0
-1.0372461543264564,7.123007153272796,3.1651948938422434,0
-0.1903386780836082,5.416732461186285,2.931880996192117,0
-0.8756182533847572,5.048125051622925,0.9591004582575255,0
-1.382799730964336,4.185053898402366,0.42566917566902784,0
0.9261775475316414,4.5567221523332755,0.7832866498700941,0
1.9094166404701305,1.8976285673429332,-0.15006615788952504,0
-1.3985675738191412,1.3636022331553856,-0.5626694290524012,1
0.5629692366905709,2.993251085178096,1.3812778829122299,0
-0.6506425691218269,2.6596307549501432,-0.12026370752674875,0
-0.48712538376469605,2.0935439013454498,0.012231654280750792,0
-0.5923939242388692,4.392774894913431,2.5972924443218997,0
-0.863990769679816,4.910610417141021,4.779761321899246,0
0.04852162794482699,3.176813772583695,2.2254604039156254,0
-0.8309501164110378,5.955060162110524,-1.4611437305452362,0
0.2704568257798388,0.7166217717329899,-1.4709147030215313,0
-0.05023810944913695,2.612681081440564,4.659962545918962,1
-0.23894804686640975,1.5663553587943901,0.08103553215133541,0
-0.9075636620415979,-0.7330732341461199,-1.355531097422672,0
-0.5767713305683327,2.8346386283146017,2.1933121100526707,0
0.755391225825756,2.756504983233433,2.3655414480318626,0
0.5009171876243808,6.026899486484262,2.5395337408308167,0
-0.977555244798551,4.2616233691095555,-0.12818580499721088,0
0.09933230542922587,0.9516263513415901,-1.8942252104986748,0
0.751387123371789,6.708185132668376,4.755107586181303,1
-1.6694052811213718,5.442067391050706,-0.24374868016228257,0
0.543360192379935,4.164195406937232,2.7321840163678326,0
-0.6626237589458467,2.547031802300336,2.9464090891509667,0
0.5705986685931593,1.0811215265530405,2.2700519195563995,0
-0.7632591565425169,2.255586447857894,0.1903517594955373,0
-1.804882100664519,5.177497239408372,-0.10232622365153965,0
-1.6275424378831627,6.769172611869218,2.1836779789189222,0
0.048084946661381994,6.086487056544378,4.06266943528184,0
0.25972250172148187,2.022301156427452,4.627136102463769,0
-0.9043166251044086,0.7607651334219776,-1.2586593691736967,0
0.6385924587773739,3.281772493822408,-0.916199711815961,0
-1.6615200622689599,-0.5368787311257033,4.613153811481558,0
-0.06607979864731657,3.646335428369563,3.1557465983435478,0
-1.2110161997624567,2.7047948274026625,4.180956773808411,0
-0.6518361078021592,2.0679269962635156,-0.581571561052598,0
0.047398671316414016,-0.1894061345335909,2.1131010977658127,0
-0.8604133652839524,4.027200213139433,2.9079771609223153,0
-0.38455554422982535,1.9345983206761772,2.7607831981288085,0
1.0062928092144405,0.6601663285794239,0.8570618360668867,0
-0.5768918695231487,-2.7445244265632986,-1.8922357581608407,0
0.8356921120651418,2.9449701898987275,2.080482397629842,0
-1.129706854657618,6.544503193339488,-0.2282892257427387,0
0.5298041779152828,6.32251842909574,1.1517797230002325,0
1.4415686206579004,2.0858074868274565,4.7030671055867215,0
-2.4716445001272893,1.795575879276439,0.7932472234970431,0
-0.7968952554704768,3.9375485121500473,3.878611246650987,1
0.57707212718054,1.003229121623417,-0.6802157597552421,0
-0.2030453860429927,3.603583799638932,2.7072234861752023,0
0.37114587337130883,4.53216055676938,4.8390486810726046,0
-0.6039851867158206,5.453866447768615,-1.2867482938894423,0
0.08658978747289992,2.799691847040094,-1.941760404409656,0
-0.15567723539207948,2.5926524996460683,1.0350795484283006,0
1.1677820616598074,1.244034826486878,-1.3516216186404297,0
0.2544208433012131,1.34623929192028,3.238690447733619,0
0.3376026620752022,2.5470422161969464,4.401840646939912,0
-0.4118769661224674,3.734731013632356,1.038146808961312,0
-0.48760622407249354,4.827169252466499,-0.1890185049119133,0
-0.4325581878196209,1.3936420986393103,1.0408232330462686,0
0.39445214237829684,5.985377137919043,3.064134724950007,1
-0.42098448082026296,2.4577527979148623,-1.9366208689374032,0
0.2897748568964129,2.9572654113031276,2.12617792639288,0
2.075400798645439,1.5055766417043532,2.2930417942116534,0
0.8711247034316923,-1.8484805205458832,2.4638177282715485,0
-0.32602353216784113,4.7680907927220995,-0.3058454401338595,0
1.2012139221639448,4.473687794184867,2.998369063646887,0
-0.4080753730215514,2.437344885763573,-1.3602595956775652,0
-2.038124535177854,3.1339814344497436,-0.6051076447323944,0
-1.008086310917404,4.031878435408199,4.1422903265813735,0
-1.8707919210258557,-0.12509171377308537,3.1710620550859643,1
-0.35151348404130867,1.9418946453074104,-1.9037811219205834,0
0.0184183791895517,4.588529359243655,-0.26136617741139867,0
1.6764373122752827,0.4914211536615012,-0.49915461904784797,0
0.32692737376416264,3.5871158643332586,-0.10435570374119196,0
-0.21910052880886424,0.2868363907531899,-0.26708160804079517,0
0.8294055811834892,3.9328599648670526,-1.56231592980008,0
-2.211135309007885,2.928717035405033,1.2125836161777421,1
0.23561455810856594,-0.23026363181101894,3.1291343235031555,0
0.7708651938869668,5.329478708914342,2.247122073022055,0
-1.4785862457798415,1.5308168464039016,2.7101016801865585,0
1.143754043206929,1.379495125971238,-1.4319557502463258,1
0.3384964074944141,3.401138394461886,4.66043497123751,0
-0.4152879139008013,5.29727469885743,3.8694428369011735,0
0.6327818661062848,0.9683563620432061,3.635632229469639,0
2.270692857804396,3.123359699695943,3.7608866352923727,0
0.18186625505849516,3.8576330006611457,4.52897355692933,0
0.24822058630033608,4.386211214526288,1.8097777627958838,0
-0.4593608995402441,3.3528831105544503,-0.5980258749266187,0
-0.8498443694647918,2.2659443218333553,2.317485254967788,0
0.8303358165442456,1.3448195587025606,3.200170455675573,0
-0.8560838259088672,3.1722877660927495,3.165421753478178,0
0.07156623721939247,0.8557219760287862,1.6501431691681607,0
-0.4776574467651167,-2.8427009669892147,-1.5207889646649537,0
0.47897982574639186,3.873119608315336,0.5977905690108947,0
0.3336621052869483,4.807869682172391,4.445366259243501,0
1.0375399442578992,-1.7258648710836768,2.0911423683019823,0
-0.510016398854747,0.9805385905801249,1.768323602789994,0
-0.26987493529337125,4.238308522010396,-0.1180253993246454,1
-0.9787637157823074,7.114990939423397,0.5791424394160525,0
-0.4442932600761116,3.041587415350816,4.267422624072185,0
0.3773004930448522,1.543994117541731,2.6652413326878497,0
0.7569886166453519,2.6342071177903197,3.51170918726633,0
-0.9221653241776254,5.74975283829637,1.180417961473586,0
0.8696059201056602,1.7080716417509294,2.4117305361931054,0
1.355637858804951,1.4016159866994928,-0.2613147387975472,0
0.41343490322370086,2.034512955635935,2.9382258119844042,0
1.876795812558066,1.0933427834825753,0.9932093359233614,0
-0.773789199103573,3.245340631989591,1.0978186037032192,0
-1.244654703311417,6.249356916939121,2.5452562720381717,0
-1.7787202489042786,3.646158546232058,4.553964350282486,0
1.496044311489183,2.495292995747425,-1.5519555737396535,0
0.6543656563540577,2.416377462168912,3.7732026614290533,1
-0.05558467091045507,-0.1263816173933141,0.04668177288535169,0
0.2799686263198203,4.766219554294318,1.107436181544645,0
-1.1254890472983765,2.844325605974396,-1.8466066985749374,0
2.4457519796168263,2.6390401728187487,0.1073225448401911,0
0.1292211819752275,9.38621513568972,1.5184186984109136,0
0.10939479460489289,3.5975058167313723,-1.6067674585679268,0
0.725766623898692,1.4964178998096314,1.4376701056821561,0
0.4810092317367132,2.1472848075889135,4.489774402008991,0
0.22388402427913137,5.29689141839351,-1.2622474732453635,0
-0.7904744554453119,3.226540821075529,3.3510850965285304,0
0.4714683571359957,0.1234440433652666,0.8676973736319482,0
1.8820244964750337,4.838457869150407,2.5862160016703664,0
1.3454200461549777,1.663711828922012,-0.1783438141033944,1
1.593186626639397,6.746595552435091,-0.8835541622104919,0
-0.5112156764311852,5.160096131429297,-0.876761700101415,0
-0.9896048202585809,2.1053562086824975,-1.5065563804979876,0
-0.12578692009964815,5.562032723470226,-0.7004730656912987,1
0.055724912288694604,3.1357110210548065,2.649535694922778,0
1.0941915184709485,4.705547350244439,4.171834282904556,0
-1.6924646297148194,3.9694656345889494,3.6988797991381333,0
1.5295503194606137,1.307286690018253,2.7959401691213888,0
-0.15800789857898942,1.712900335365076,-1.2269769561222814,0
-0.42688106994742003,5.059921635162322,0.024312124071649066,0
-1.0121043752601675,2.330449335786918,0.16864812725728306,0
-1.6548566718657693,2.1927030735160065,-0.2503013752166514,0
0.8231705839619146,1.089754841301294,1.6050396179680617,0
0.07331796718840389,3.8471981311869223,1.7488767041577082,0
-1.2899608997410539,7.12504983848629,0.4982018261977714,0
-1.295078772063616,0.8649341714914542,0.4765241111550522,0
-0.3357846992901282,3.048438913345516,3.799889185342569,0
1.669021525289393,5.8244411108308585,3.5250499382377996,0
-0.2595913513636048,2.8407172175085695,0.15457082176521952,0
-1.5031429531181062,3.904743592499468,4.396519107112815,0
-0.24574306408594432,0.8752129437062406,4.669705119017542,0
-0.2727235697476705,3.856614194415297,0.2871977942102859,0
-2.6968866429415717,2.6257114699909025,0.48097464155138425,0
-0.05429486651781221,4.971459991359726,1.5394390739537118,0
-0.23093453020867796,5.374772103129502,4.587845687735714,0
0.6962063648134184,8.179127284037229,4.13423603199618,0
1.8489560949453452,4.1592663464271515,-1.2820242619148714,0
1.1265650295477574,3.651592633164333,0.7491152028999135,0
-0.26888869055483056,3.388768603154672,1.873598328248403,0
-1.1065259087416703,2.293667414378623,1.5219273078607802,0
2.5733598032498604,3.6769676869233825,-0.6429585244417513,0
0.05921843401448826,2.409197179721941,4.011717398177083,1
0.013929291912946203,3.3369219525392286,2.7385854809778616,0
-0.024125087110003277,5.63519507121592,3.865358623962625,0
0.19808476076785494,0.9869148694407177,4.011349955446305,0
-0.14436041192394247,5.279757122258091,3.238490975660178,0
-0.5736620068802363,5.634230134679731,1.0744742087480215,0
-0.5468589412403921,2.7638629460178423,2.2738272851079717,0
-0.03275327021599839,-1.2437097980171892,-0.8774421571617981,0
-0.543424771133765,1.784356025811135,2.715517922324354,0
-0.7128457826771644,5.593989093122218,-0.7452272098250348,0
0.10643022769189683,2.9542638754022357,2.8576471335710973,0
-0.2549772174208553,1.0013955354101785,-0.39281287472221926,0
1.5039929885826886,1.9904501575435651,-1.1771408989484602,0
-2.650969808393012,4.681240053009106,-0.8430085689992981,0
1.0915068519224618,4.093467136402759,-1.986055053466508,0
1.246085192497629,2.5221358016606112,3.0311773249747116,0
-2.0733902324081495,2.266351176370625,3.126807343408654,0
-0.34268759408034877,2.216483701912356,1.6045334493928163,0
-0.37144086599579146,1.155179631002995,-0.8704603926123142,0
-1.4075116947178212,6.2307513789388835,-1.4151196374251718,0
-0.7778166875908753,2.35535906157732,-1.8660972349389908,0
-1.1105758454658288,5.434317041650993,-0.8397627612434551,0
1.7522704434236227,6.042632103844903,4.235988744882027,0
0.9356783931474612,4.996621796295921,-0.3092421080882275,0
1.2715550949941588,2.136759374563903,0.4798992905205095,0
0.7216720640432351,3.807460180673219,-1.2625816086306676,0
-1.1290517712172292,2.9516087872181678,-0.443470866762808,0
-0.5245202662797737,1.1925962785397437,1.6345719954614357,0
0.48937456122791806,3.648718563443206,2.254268781669568,0
-1.2221278088919454,0.641920417680395,-0.2825338008365226,0
0.7129984301723881,5.375358776923127,-1.5958748854241795,1
-0.24032539815813503,2.070765405403214,0.7372300838917907,0
-0.3748208075495975,3.4023193117456785,-0.3605764035156609,0
0.7109599682034915,3.5665757430922844,-0.4631225373913863,0
0.44426331148603976,2.482190052591845,4.719039618994187,0
-0.3609661658190799,4.17338760295055,2.314103401480068,0
1.159329803364248,2.050192686754951,1.8981491022046715,0
-1.0810633275998973,4.742594594914488,0.9104257246632534,0
0.6159356069442637,0.30804063950650296,1.0026103340110097,0
0.5931012579683838,3.2527591590928235,1.7863350268665656,0
-0.3095464393139903,6.8778579981165695,2.8750086492527505,0
0.326133022242118,0.9993373507888506,2.915022673272806,0
-1.251113576385303,1.644510058950297,-0.798142646061853,1
0.924027019206901,4.02781569931783,1.500789264536389,0
-0.18490213644298903,3.359163563879196,0.883706665238714,0
-0.5227230205190395,3.7012601985471183,4.093688763885689,0
1.0490092258368893,3.978374260295327,2.419932448528635,1
-0.7043436905427592,4.269442937123539,1.7275284649118725,0
-1.4084612963635597,5.219399683912446,-1.1922375047475784,0
-1.5566291735239037,3.819637313857025,2.2394652252638805,0
0.6060099513456396,2.517484690762915,-1.179572660238366,0
-1.280429352496283,4.345147402405463,0.36044602896026445,0
1.7547941819843647,6.799763869790431,-1.0001062462996768,0
-2.081929407883722,2.734732507234853,2.8445155291705824,1
1.6964563682900382,1.050941390658717,-0.5562352031469318,0
0.2110174672026184,5.214161338573946,0.743015612316182,0
-0.09671311187039239,2.7592376720928034,4.269723443331451,0
-0.5449190868089497,-1.3453390920280723,-0.569785316207208,0
0.39913611435207086,4.694843354300843,1.554635447711454,0
-0.037634702424848364,1.9293436280921545,0.9349016281621538,0
1.1033018820165215,2.8189334353916786,-1.8731317126798919,0
0.11422764866203965,3.663960661138029,3.5493067950096897,0
0.1503017614618776,3.3809993595581327,-1.516678655797802,0
-0.36361221221385587,4.418903634278079,1.319785146838675,0
-0.056945623721067457,2.1290272588603134,1.9247480645726496,0
0.3078017688920592,4.026211596352166,2.3989851963021094,0
-1.7101683926566256,2.4809066448321655,2.8204214051551286,1
-1.348185422105713,4.477620961775006,-0.22709331534099442,0
0.743264094022715,4.230734968026107,-1.9301485633908544,1
0.17086543812794186,1.1291225959108093,3.064105636484384,0
-0.18398333635267913,5.1719642323500645,1.7495961954330501,0
0.01843393306539316,1.928073109771904,3.8528239224507415,0
0.34758170536167105,4.61611559656229,3.74971854030486,0
-0.5397596803093615,3.734574626802681,3.903283174515182,0
-0.7783047254023127,6.676367353590245,1.3956626198567812,0
0.19584525509768155,2.5530680352562958,0.3353987708580597,0
-0.978372777615032,2.301366407763605,3.5409074181395903,0
0.40825275571447184,2.961160788224535,1.1590587912047843,0
-1.7025836042378404,2.393640434331449,-0.7159046251759584,0
1.0291556373256436,4.5998838038841,3.98481813693032,0
0.472597482413043,-0.23262121687317583,4.17791913740643,0
0.25602973431387566,0.8926351617072918,1.264168292981191,0
0.9826909839455139,0.8643941568416138,-1.4701019088314877,0
1.6654744444625766,4.900615183947151,0.7147826294185187,0
1.0143700650181304,6.4212267451638505,3.6247636162382237,0
-1.8408742313316453,2.791101562925057,4.3124181998236,0
-1.2795769667357015,2.6623565536199787,-0.5756908025168292,0
-0.6248185776956788,3.140104326226363,-1.5311847158230993,0
0.026091050210833786,5.323756605216381,4.141453171929871,0
0.517659020469123,1.1452937316188518,0.7258345728521269,0
-0.7257438131534656,3.47673796546957,1.792326749872943,1
0.18676676447707832,4.95039525956486,4.776460684355312,0
-0.7553829323533225,4.002188339879691,-1.53404690460044,0
-0.6115178029919482,3.379163233197487,2.538226052164669,0
-1.4066610968482223,5.002092185134282,-1.4812620419759304,0
-0.9232332461109043,-2.4064645859984743,0.6282824992655027,0
-1.3516846056163336,4.3557506390618155,3.626701816354127,0
-0.9758732529773327,1.6918486337451524,1.0343056292894408,0
1.0536417966078395,-0.6612657937129138,4.980276477320653,1
-0.949398888831943,4.022405199049961,1.9134149946262151,0
2.632382064837391,5.747317090325915,0.24813506845167455,0
0.4933179008808892,2.7251029707446164,-0.4592207186667281,0
0.1848361236948739,4.905749094405878,0.45364374000313257,0
-0.8583577801812136,6.224556515977291,0.6077329163168557,0
0.7003098794089914,5.629828907168095,-1.5190042559322732,0
-0.5756378262377739,6.279929058742786,0.5870193959874124,0
0.12200981464536144,4.484254982143785,1.2496696381745744,0
2.5600845382687947,3.1508672778031857,3.0591642656716322,0
-0.09605989972464987,-0.20393162379433694,2.5971063930512557,1
1.1492733262856758,2.5078750237401026,2.96135958660408,0
-0.7031764251258874,1.3135068093676165,-1.9414542268620003,0
-0.0349884904969617,7.3418854349956275,-0.47632820293624767,1
1.77080063563551,2.648228375135327,2.6317900187989958,0
-0.6269670577877674,3.2464096135689715,1.3879255772582297,0
1.8124485579969287,4.102970752080935,-1.9628056703215784,0
0.7077519354554754,3.0872048927449076,3.6314624970227563,0
-0.5624667758942676,6.3901020808615066,3.4096670130323616,0
0.632407739055521,1.754701276531096,1.8389341409549385,0
0.9725544496267299,3.3892149104744855,-1.5347567195660952,1
0.6218099622171964,1.5150588286039035,3.365605346728093,0
-1.5702247198904564,0.3599549775585884,2.085995114119548,0
-0.7271371758248686,1.7764618181894292,3.473719840105714,0
-0.24751863555150475,2.925926405903176,3.2622289467708825,1
-0.07443342910004629,2.14139555096548,3.6210145037048598,0
0.620672097550678,1.615158040252288,1.6260564648323736,1
0.17770100093325383,0.1873650726563323,-1.017728372645395,0
-1.3353443587101013,2.8337888547426107,2.698102313657821,0
0.3801978510059632,-0.009440748062004456,2.343316495363794,0
0.6105857452838231,4.520111927379205,3.19577231039361,0
0.5597904479310398,3.1648795058690067,-0.8108329576448527,0
1.0807807255546218,0.08489700107013887,-0.6351736006979753,0
0.8339221545489041,2.381581845900273,4.232866620535299,0
0.4591800792284367,1.4956871888188337,3.2498445891644954,0
-0.07016571145864703,3.638349020838361,4.35759942090226,0
-1.6609609335159914,5.680900892046289,3.311007248147445,1
0.42961821913258585,-0.7503449392914892,2.1800871419321126,0
0.20768768716311115,3.2300521582948343,2.5789291591951153,0
0.27157883719537346,2.679734408866719,4.2238954675800695,0
-1.2767485758203094,4.342680152900932,2.051647281583584,0
-1.0810565404082624,3.4263932564753783,2.426739270298712,0
1.0531528533329035,1.4960613365223618,-0.9046629879747958,0
-0.03955515385665504,2.3618921286667636,1.3174485408127188,0
0.6815006973726244,1.407948286393022,3.014779783706693,0
0.028318376130461172,5.152014277197196,-0.10340111178544209,0
0.02975613949574519,3.0426232973438845,-0.5842207363282554,0
0.9382838059759977,6.802381371506015,0.19678765757090888,0
-0.5160447282173739,2.8786783723707585,-0.30949560405016596,0
0.09612077694098337,1.5831864661790744,-0.49561154074522906,0
-0.4622752887050425,-0.027428785225654284,0.9739559000766085,0
-0.4344962274323156,-0.6062793525118901,4.354869597184739,0
-0.30917212346863937,-0.16827188601097953,1.5494175271710278,1
0.22213377163371284,3.5342533020229667,-0.6845573342927387,0
-0.4787486216634773,4.017450046459867,-1.4611983143338816,0
1.2557561255735208,-0.16238140406426682,2.873093015965477,0
-0.8946073022195039,4.790076628152231,0.6795913510547149,0
-0.18687164416135904,2.033877896633121,3.7528166260975144,0
-0.4397310582741749,3.293586023971099,2.6165753804853917,0
1.4469778843537329,6.224441256510849,3.5736901537895793,0
0.19655477651157463,4.793678631731064,-0.09637772407085876,0
1.0318445394686349,2.4629387041883355,2.8465124572274068,0
-1.485560373036972,1.2176155491694252,-0.15156610714396868,0
0.26705026586925884,-1.3036308026586099,4.573479356152041,0
0.889630795623437,1.5616933615151598,2.4546199707336207,0
0.08228398927542419,2.5777395223446113,0.2715826012273945,0
1.0654803750653512,1.025640945697632,-0.11341696395409162,0
-0.5172884501003722,2.7374860658153906,-0.6635139044984955,0
1.40934744018558,3.1537037659175366,2.8624867122560946,0
2.2988981236192503,2.5502880363838427,-0.4689907090145089,0
-0.36283856043965906,1.6999948383530805,2.167122861492423,0
-0.4455025214007718,3.3373093439334554,-0.1475548115224985,0
1.453384477117701,3.8838812991388183,2.63378261355708,0
1.5795721457307124,0.8192018451143079,3.7045780997837747,0
-0.5228600271532683,5.82186475949254,3.446176702012572,0
-0.42018681709585726,2.8028237354314767,3.3259593165154717,0
-0.2817846088605072,3.037699245889695,-0.6859431601542356,0
-1.344450511034277,4.4164288465131145,-1.3813053711083692,0
-0.9186519464841982,3.4664322625270034,2.892641799411699,0
-1.0041407667520679,4.90627326782649,0.5784304965604594,0
-0.7677975651041284,3.5742483304036483,1.0264235848234309,0
-0.03468488738678118,1.7751252507191242,-1.7819563504462625,0
0.23421473253652075,3.7230070504122033,-0.18296485507465565,0
1.5505004928140769,0.7125475853586765,-1.7642651728787517,0
-0.998354040738791,3.217119411553046,4.154300408208734,0
0.9843223984765838,2.9335400187110783,-0.29622321747028657,1
-0.21398884422550896,2.583766285454921,1.9013601870110564,0
-0.04946370965243295,2.7429249771221387,-1.7271447553720871,0
0.6748194921666038,-0.7636980909952782,2.6679317391396067,0
-1.1227220215622986,1.902550184518077,0.26119142027865694,0
0.3824097461840506,3.1856898022822295,4.28543430870366,0
0.1664522082130561,3.3197127839948006,4.216827322538251,0
0.4924512640081491,0.9446497181480837,0.2770343285322343,0
0.2891686439078181,5.531415681729401,4.306726269833275,1
2.4553001399108942,1.2676503035709983,4.973103714491452,0
-0.637739984251316,4.938914401053474,3.7779096488676362,0
-0.5309969550018176,3.85438872374337,3.9140994342866033,0
-0.6231405264247644,1.707545380312394,-0.2569388472363707,0
-0.5554771191602547,6.550621785219024,2.036916792004294,0
-0.6373871273065177,0.6127263364870399,-1.529208602228425,0
1.1890165311075518,4.8383083472200035,-1.335574442248312,0
1.4205042479898549,5.0011646360859565,4.9922482842330345,0
-0.5707462937494763,1.6587595818467102,0.28647474598137634,0
-0.8323555731042287,5.784930600128657,3.2372873843419248,1
0.4714155563864041,2.4999069708020945,3.646655371187715,0
-0.5522230442809712,3.577387258559714,4.006162897050604,1
0.6329318177555108,3.5206436775424415,4.983398081815095,0
0.2029230208512997,2.7313825170589046,-0.309524603201925,0
-1.515744114997232,4.621616546319564,-1.717544211982102,0
1.5475052013300616,4.586977441104426,0.8783406259621018,0
1.7958776730955217,-0.49706394647636154,-1.0894353111973714,0
-0.6127886904843862,5.608680485756305,-1.8430187758656142,0
-0.38770155993598415,-0.32498397607134866,0.5229877899904025,0
0.28586539072490497,5.065092408683315,3.4861677575266548,0
0.334456789987025,5.253410273655167,1.9632648385754958,0
0.6585442726728304,0.8180671395696035,0.1894459244724782,0
2.0102045387663496,2.1783714240908303,2.580394038449038,0
-0.1769472274940494,0.7885906630281285,-0.37587273783832487,0
-0.7982972445384537,2.570157939422529,-1.8993298774954048,0
-1.3793192280145272,2.3839314316285174,3.3504737050549913,0
-0.7309300399419191,4.55932106453868,2.3662015940480634,1
-0.033126972873797095,5.620617492239217,3.3361183715067195,0
1.7945578635177877,5.791367621579912,-1.7274338831863407,0
-0.5176112990361714,1.8756639468433958,3.8598373948145657,0
0.2237879516388985,2.5815562525109446,2.336683400254123,0
-0.016422896072752075,-0.3668763844419005,1.943767454988481,0
1.188393273448084,1.3882598670076225,2.3722983368017214,0
2.5269324258736217,4.929703266194915,4.051032728078549,0
-0.5308687729203206,6.231165647096463,2.108555545912349,0
-0.48943944251822213,0.5313022562401559,2.0666526592172554,0
1.044160877069072,1.8150714816942115,4.934754099460361,0
0.6818914896263114,2.947188486082146,3.297111169479976,0
1.8467073257360336,3.560322317639214,1.0960566381579468,1
0.5839281853259639,1.3807929601567077,2.951779000230494,0
-0.35929209078705954,3.8481220889281795,0.7246133018425196,0
0.5906548306923093,2.0523213058581677,-0.39787176261550705,0
1.1087035805829077,2.971095458243442,2.1779631382143156,0
0.820482181197364,4.092568496007399,4.4972746867976605,1
0.5072740311072977,3.0128445396218755,4.503976640108239,0
1.066674689589154,2.127228218946863,0.3933369467384322,0
1.1692955904456728,2.7807803921483383,1.693742263551865,0
1.3821589910375272,2.8232740815893296,-0.5185487100109716,0
0.6487098875896427,2.2599779402357445,4.969417766492184,0
-0.16711808031685435,2.482407874665795,4.86782535507555,0
0.14671368643332283,6.197294341009433,2.5465625079521317,1
1.2065089665083568,4.121838895882478,3.630898417742314,0
-0.8169356709872361,2.4090393639416794,3.0057011289859004,0
0.3686733088729012,4.393908809021472,2.1521075332762774,0
-0.3933388123273607,2.33236102048798,-1.6265640210777161,0
0.028744822934817487,5.346249275173283,1.1833503978686277,0
1.2784518626072987,3.739284384396188,2.723504115171874,0
0.19109906801990334,2.7853957119915425,2.742721297185793,0
0.04643654815614881,3.895433851620555,0.6118583289566852,0
-1.3598561409799192,-0.14175230413699857,4.591843906606214,0
0.7462535660272207,0.7464650621803894,-0.828500774342533,0
0.6454841811410754,0.6121499872018892,1.5025161235089244,0
2.16325472330546,3.2858861895274134,2.8361878358557595,0
-0.30777823495300083,6.465029998970184,2.8799506412426643,0
0.21915032766393897,7.462600292385265,2.540472697381709,0
0.24938368371075526,4.276102202881514,-0.07298250583697885,0
1.5774532797634744,4.001688949888914,-0.9065540191936461,0
-0.0952955323869521,-0.6021154683054779,2.4515822877869757,1
0.27902152577033923,1.9146524005319565,2.1951148129760645,0
0.6078965097165392,1.4244324961835222,-0.7445079279753131,0
0.1866091231563581,1.758304803497768,2.935974018993943,0
-0.44643361455052827,2.6637123628304207,1.1862039421355948,0
0.19408999289830758,2.0558188446057453,2.674324141222071,0
1.073631749859772,-0.9585996207515755,3.8615695583910545,1
-1.0265152994110602,4.495820512235068,-0.8119009999615379,0
0.132969674146876,0.854513948520387,-1.8659859240221432,1
-0.7001208149391732,3.478493728222299,3.4537181047705072,1
1.1950466289248425,7.148165339499947,2.2678819760683115,0
-1.5231869047837747,1.1612308168271532,2.8974769873548523,0
-0.5589218472715883,-2.0605750454926595,3.8670848249204983,0
0.37721187506452086,2.4279915562397782,3.6196765437715035,0
1.5655240292343404,5.201919269997142,4.726441028501773,0
-0.0657502610729878,6.916694908441188,1.7515455519648278,0
-0.5551995266931984,0.5409008110951663,1.4194694286193377,0
1.8811570694405901,3.9933984464730434,0.8132103992351105,0
-1.448013900416244,2.069379086439893,-0.9241627000905681,0
-2.198805956620082,2.7881032913917285,2.0082506301741567,0
0.4400144500533324,8.28868669403407,-0.06091232971814842,0
-0.5020542243526112,-0.00594065679030642,4.449152585490828,0
-1.0212328171307132,3.507479322989147,2.082335629939683,0
0.7083564472993533,3.9353863435308662,2.149881263556771,0
0.24380071377119883,5.171572649878694,0.48447262613907016,0
-0.5640786307367284,3.195966306941791,-1.6360745361560476,0
-1.2803043986708944,3.616101079008205,-1.7777936423890797,0
0.8724573282801447,2.216702865156418,0.9633460090723824,0
0.650201177958661,3.5382538824902148,-1.4080423533193351,0
-0.09917586377938291,2.3136154490051792,2.2479286887809735,0
1.8466369960476658,4.243143779712102,4.166811039477602,0
-1.0700847663261526,2.260779327912732,4.180403715631055,0
-1.5255251709247388,3.754200787804373,2.613317870925627,0
-0.6919080698812444,2.941474372630043,-0.521377179689483,0
-0.045586016355497805,5.252100501544336,4.040977819512104,0
0.24333944932269183,2.8972125528230275,4.202654047192457,0
-0.24123605785632987,-0.5460649364137629,-0.6234249053292891,0
0.3520553965142968,5.523843001427983,3.161982600394741,0
-1.251539424190444,1.1885353982747622,0.005636842489860516,0
1.4437646040732595,1.6924673227023603,3.6184821864705077,0
-0.0821511783925688,1.8086774119130158,4.980665299325219,0
1.1172958315881276,5.748876186341635,-1.7898179626942503,0
0.34272534637770413,-1.271348427957391,4.281561060536523,0
0.4567532191537839,9.275497067319987,2.3584137351906067,0
0.5697672802322039,5.112113618132104,4.813678334153748,0
0.44770856001731496,3.4464778282583195,1.2550666226849931,0
0.6427227598675439,2.8902119987674273,3.931715513999616,0
1.3291525301324314,3.5711081497153137,-1.5632415198120593,1
0.19652116970147013,4.042244856758677,0.3469533505480702,0
0.7090037575885123,4.290431171900114,-1.5308842357415302,0
-0.08973569428722672,4.111208932006897,4.827401934353494,0
1.4401172154494728,3.1791613625104977,3.7188173509028566,0
-0.6763923020592697,2.605323159385348,3.967831948721793,0
1.8009404329108156,2.6974534326929764,4.565756620037259,0
-0.04015795064434341,2.610183439294638,-1.4042755971615026,0
-1.4307751021180481,5.2675401937341295,0.6991831475933337,0
0.12810441491078928,4.1871134445617235,-1.502755776691985,0
-0.6810516574748808,-2.8807772693285605,-0.5244482891497997,0
0.8406435489887241,4.311801553059522,-0.3944395607362936,0
-0.6526239793023909,3.38947238943755,1.2837504773330508,0
-0.4461834332147797,2.962582487108205,-0.12006482782450201,0
-1.889540730945531,2.2229630938222282,-1.2931532522756723,0
-0.4523063192490767,5.2482254399720265,-0.8275623763412461,0
-2.4238793266289567,4.895052924245716,-0.9690710551353634,0
-1.5839028234857233,1.4542446643527818,4.811537585386088,0
0.7604146561442974,3.81410457424907,3.315047548429315,1
0.7858001586508322,1.056686530917428,4.774330256886934,0
0.42545756178496474,0.24076367042213898,1.0781834055553596,0
-0.966976143129213,1.7465655508200697,-0.05142062836140382,0
-0.047711356141979855,4.724786944765517,3.5880523804643065,0
-0.0036025390905684044,4.906250090752174,0.2837774262880277,0
-1.1583646891925428,4.026170840194586,0.09568361593743813,0
1.5033983017671506,4.450191573695994,-0.37245805454518166,0
0.8773622905756714,4.032356574229917,-1.0922471524303525,0
-0.22096417382966393,1.7170368095540955,-0.2047585728826382,0
0.02688583899453078,3.8638450893478815,0.48723823931721366,0
0.20838280794755248,4.600819050455365,2.717959457020113,0
-2.0417348684242906,4.508582659627148,-1.562046104463839,0
-0.24717738252059693,5.377826742949286,-0.5264514223425993,0
-0.6819842479977986,4.416607694402128,3.6631654820417348,0
-1.0016200098949155,3.702896415083166,-0.9715465349136045,0
-0.2811002928859549,5.140300476632855,0.398516025657651,0
1.7976865268495226,2.94695748150188,4.05261245300698,0
0.6408428612670098,1.2362506975445644,-0.9155228219959013,0
-0.5711789897827968,2.6738660721124723,-1.4208421506726707,0
0.5725827813561586,1.5101947103871018,1.3917659655600758,0
